{
  "fecha": "2026-04-20T02:06:38.395703",
  "productos_evaluados": 20,
  "muestras_test": 52,
  "ranking_global": {
    "LIGHTGBM": 28.172032239619416,
    "XGBOOST": 30.039630482219103,
    "SARIMA": 31.656432141337568,
    "EXPONENTIAL_SMOOTHING": 38.8296934279053
  },
  "mejor_modelo_global": "LIGHTGBM",
  "mae_promedio_mejor_global": 28.172032239619416,
  "modelos_por_producto": {
    "CT_01": {
      "modelo_recomendado": "SARIMA",
      "puntuacion": 96.20061884792771,
      "metricas": {
        "mae": 170.42047179861356,
        "rmse": 220.14147416275793,
        "mape": 15.783684417049408,
        "r2": 0.7358790830328401
      }
    },
    "CP_09": {
      "modelo_recomendado": "XGBOOST",
      "puntuacion": 99.99996011049068,
      "metricas": {
        "mae": 80.86511876032903,
        "rmse": 106.5794364266754,
        "mape": 11.69298795614951,
        "r2": 0.829442785572501
      }
    },
    "CP_13": {
      "modelo_recomendado": "LIGHTGBM",
      "puntuacion": 99.99989974253545,
      "metricas": {
        "mae": 57.31045497226163,
        "rmse": 77.57923167313902,
        "mape": 13.237059935710091,
        "r2": 0.7904462269660222
      }
    },
    "CP_04": {
      "modelo_recomendado": "LIGHTGBM",
      "puntuacion": 99.99996899402583,
      "metricas": {
        "mae": 35.84378256001271,
        "rmse": 44.07144706357261,
        "mape": 19.404009199116608,
        "r2": 0.7501063900070619
      }
    },
    "CP_11": {
      "modelo_recomendado": "LIGHTGBM",
      "puntuacion": 99.99983401042232,
      "metricas": {
        "mae": 24.8036030255626,
        "rmse": 31.81173370557582,
        "mape": 13.089807082841286,
        "r2": 0.8175803071494985
      }
    },
    "CP_01": {
      "modelo_recomendado": "XGBOOST",
      "puntuacion": 99.99989139487053,
      "metricas": {
        "mae": 28.532929053673378,
        "rmse": 36.35182097989781,
        "mape": 16.821258296096644,
        "r2": 0.7533526282453984
      }
    },
    "CP_14": {
      "modelo_recomendado": "XGBOOST",
      "puntuacion": 99.42561890088567,
      "metricas": {
        "mae": 13.421633940476637,
        "rmse": 17.094452828256667,
        "mape": 12.694365047332465,
        "r2": 0.8854888766057445
      }
    },
    "CP_10": {
      "modelo_recomendado": "XGBOOST",
      "puntuacion": 95.25943770663203,
      "metricas": {
        "mae": 16.316310002253605,
        "rmse": 22.72915493360118,
        "mape": 14.805282669842363,
        "r2": 0.7816714317984247
      }
    },
    "MECO_01": {
      "modelo_recomendado": "SARIMA",
      "puntuacion": 99.59482379864102,
      "metricas": {
        "mae": 13.799059071303038,
        "rmse": 17.454575732500963,
        "mape": 16.113658076750838,
        "r2": 0.8224356837474439
      }
    },
    "CP_12": {
      "modelo_recomendado": "XGBOOST",
      "puntuacion": 99.99993739329577,
      "metricas": {
        "mae": 12.54099779862624,
        "rmse": 16.10688260028178,
        "mape": 17.862055159360917,
        "r2": 0.7885333998619373
      }
    },
    "CP_03": {
      "modelo_recomendado": "SARIMA",
      "puntuacion": 99.99980819428404,
      "metricas": {
        "mae": 10.711050852023439,
        "rmse": 15.431633376054466,
        "mape": 16.360138696352706,
        "r2": 0.7796325504394055
      }
    },
    "CR_01": {
      "modelo_recomendado": "XGBOOST",
      "puntuacion": 99.99986999322661,
      "metricas": {
        "mae": 13.546490852649395,
        "rmse": 16.574608634236903,
        "mape": 19.84301799310898,
        "r2": 0.7194008704920261
      }
    },
    "CP_08": {
      "modelo_recomendado": "LIGHTGBM",
      "puntuacion": 99.99987115226895,
      "metricas": {
        "mae": 9.715507285496646,
        "rmse": 12.147260816473008,
        "mape": 16.827309861791573,
        "r2": 0.8265257583539635
      }
    },
    "CP_05": {
      "modelo_recomendado": "XGBOOST",
      "puntuacion": 99.99992364759933,
      "metricas": {
        "mae": 12.83767028955313,
        "rmse": 17.44730505271804,
        "mape": 24.423400110177955,
        "r2": 0.678130608020675
      }
    },
    "CR_03": {
      "modelo_recomendado": "LIGHTGBM",
      "puntuacion": 99.9996382704223,
      "metricas": {
        "mae": 8.914615765734492,
        "rmse": 12.458752512206875,
        "mape": 17.69345300168913,
        "r2": 0.8347424746995777
      }
    },
    "CR_02": {
      "modelo_recomendado": "LIGHTGBM",
      "puntuacion": 99.9999076413758,
      "metricas": {
        "mae": 6.552630144521974,
        "rmse": 8.480408871786969,
        "mape": 28.89632396444381,
        "r2": 0.8297963547475141
      }
    },
    "CP_02": {
      "modelo_recomendado": "XGBOOST",
      "puntuacion": 94.04366614042483,
      "metricas": {
        "mae": 6.898087574885442,
        "rmse": 8.446214894380091,
        "mape": 32.999447617817175,
        "r2": 0.8106638773309338
      }
    },
    "MZ_01": {
      "modelo_recomendado": "XGBOOST",
      "puntuacion": 99.9995619499627,
      "metricas": {
        "mae": 7.936131403996394,
        "rmse": 10.618743138792423,
        "mape": 29.297117692732815,
        "r2": 0.7785227798388634
      }
    },
    "CP_06": {
      "modelo_recomendado": "LIGHTGBM",
      "puntuacion": 99.9997878386827,
      "metricas": {
        "mae": 4.737950809110443,
        "rmse": 6.498310807067558,
        "mape": 55.329717841728545,
        "r2": 0.8673739892519459
      }
    },
    "CP_07": {
      "modelo_recomendado": "SARIMA",
      "puntuacion": 99.99975404573037,
      "metricas": {
        "mae": 1.6507798400274016,
        "rmse": 2.536672441274583,
        "mape": 39.2451922420757,
        "r2": 0.7312245438555585
      }
    }
  },
  "resumen_ganadores": {
    "SARIMA": 4,
    "XGBOOST": 9,
    "LIGHTGBM": 7
  },
  "nota": "\u2705 Evaluaci\u00f3n completa de 5 algoritmos en 20 productos. Recomendaci\u00f3n: usar modelo espec\u00edfico por producto para m\u00e1xima precisi\u00f3n."
}