{
  "fecha_generacion": "2026-04-20T02:38:53.036830",
  "resumen": {
    "total_productos": 20,
    "xgboost": 0,
    "lightgbm": 0,
    "sarima": 0
  },
  "productos": {
    "CP_01": {
      "modelo_tipo": "unknown",
      "mae": 28.532929053673378,
      "rmse": 0.0,
      "mape": 0.0,
      "media_prediccion": 192.97341933617224,
      "std_prediccion": 69.05379432092369,
      "media_historica": 181.11711711711712,
      "cambio_tendencia_pct": 6.55
    },
    "CP_02": {
      "modelo_tipo": "unknown",
      "mae": 6.898087574885442,
      "rmse": 0.0,
      "mape": 0.0,
      "media_prediccion": 33.289530332271866,
      "std_prediccion": 19.755447802113995,
      "media_historica": 31.89189189189189,
      "cambio_tendencia_pct": 4.38
    },
    "CP_03": {
      "modelo_tipo": "unknown",
      "mae": 10.711050852023439,
      "rmse": 0.0,
      "mape": 0.0,
      "media_prediccion": 73.70062061471175,
      "std_prediccion": 30.48466024493836,
      "media_historica": 66.65765765765765,
      "cambio_tendencia_pct": 10.57
    },
    "CP_04": {
      "modelo_tipo": "unknown",
      "mae": 35.84378256001271,
      "rmse": 0.0,
      "mape": 0.0,
      "media_prediccion": 223.7111015731677,
      "std_prediccion": 80.13277325112415,
      "media_historica": 214.32432432432432,
      "cambio_tendencia_pct": 4.38
    },
    "CP_05": {
      "modelo_tipo": "unknown",
      "mae": 12.83767028955313,
      "rmse": 0.0,
      "mape": 0.0,
      "media_prediccion": 62.34717875260573,
      "std_prediccion": 25.828690510309688,
      "media_historica": 57.909909909909906,
      "cambio_tendencia_pct": 7.66
    },
    "CP_06": {
      "modelo_tipo": "unknown",
      "mae": 4.737950809110443,
      "rmse": 0.0,
      "mape": 0.0,
      "media_prediccion": 22.97051802145188,
      "std_prediccion": 16.23155735810178,
      "media_historica": 22.28828828828829,
      "cambio_tendencia_pct": 3.06
    },
    "CP_07": {
      "modelo_tipo": "unknown",
      "mae": 1.6507798400274016,
      "rmse": 0.0,
      "mape": 0.0,
      "media_prediccion": 4.499050486552937,
      "std_prediccion": 4.393057862466102,
      "media_historica": 4.288288288288288,
      "cambio_tendencia_pct": 4.91
    },
    "CP_08": {
      "modelo_tipo": "unknown",
      "mae": 9.715507285496646,
      "rmse": 0.0,
      "mape": 0.0,
      "media_prediccion": 66.04916623681315,
      "std_prediccion": 26.175479860746083,
      "media_historica": 62.58108108108108,
      "cambio_tendencia_pct": 5.54
    },
    "CP_09": {
      "modelo_tipo": "unknown",
      "mae": 80.86511876032903,
      "rmse": 0.0,
      "mape": 0.0,
      "media_prediccion": 706.7638520460862,
      "std_prediccion": 220.32019075181142,
      "media_historica": 665.3738738738739,
      "cambio_tendencia_pct": 6.22
    },
    "CP_10": {
      "modelo_tipo": "unknown",
      "mae": 16.316310002253605,
      "rmse": 0.0,
      "mape": 0.0,
      "media_prediccion": 122.80728758298434,
      "std_prediccion": 48.717006780668285,
      "media_historica": 113.83333333333333,
      "cambio_tendencia_pct": 7.88
    },
    "CP_11": {
      "modelo_tipo": "unknown",
      "mae": 24.8036030255626,
      "rmse": 0.0,
      "mape": 0.0,
      "media_prediccion": 208.16070742764182,
      "std_prediccion": 71.78874363891147,
      "media_historica": 199.04504504504504,
      "cambio_tendencia_pct": 4.58
    },
    "CP_12": {
      "modelo_tipo": "unknown",
      "mae": 12.54099779862624,
      "rmse": 0.0,
      "mape": 0.0,
      "media_prediccion": 80.5857369349553,
      "std_prediccion": 33.09552369567233,
      "media_historica": 75.63063063063063,
      "cambio_tendencia_pct": 6.55
    },
    "CP_13": {
      "modelo_tipo": "unknown",
      "mae": 57.31045497226163,
      "rmse": 0.0,
      "mape": 0.0,
      "media_prediccion": 474.17478937702293,
      "std_prediccion": 150.32980905794733,
      "media_historica": 447.15315315315314,
      "cambio_tendencia_pct": 6.04
    },
    "CP_14": {
      "modelo_tipo": "unknown",
      "mae": 13.421633940476637,
      "rmse": 0.0,
      "mape": 0.0,
      "media_prediccion": 126.3311400780311,
      "std_prediccion": 46.59216811735674,
      "media_historica": 118.52702702702703,
      "cambio_tendencia_pct": 6.58
    },
    "CR_01": {
      "modelo_tipo": "unknown",
      "mae": 13.546490852649395,
      "rmse": 0.0,
      "mape": 0.0,
      "media_prediccion": 69.65577147557185,
      "std_prediccion": 27.10968846122357,
      "media_historica": 66.43693693693693,
      "cambio_tendencia_pct": 4.84
    },
    "CR_02": {
      "modelo_tipo": "unknown",
      "mae": 6.552630144521974,
      "rmse": 0.0,
      "mape": 0.0,
      "media_prediccion": 35.47898859192179,
      "std_prediccion": 20.43317493250806,
      "media_historica": 33.085585585585584,
      "cambio_tendencia_pct": 7.23
    },
    "CR_03": {
      "modelo_tipo": "unknown",
      "mae": 8.914615765734492,
      "rmse": 0.0,
      "mape": 0.0,
      "media_prediccion": 61.68958261420305,
      "std_prediccion": 29.04624443113257,
      "media_historica": 57.25675675675676,
      "cambio_tendencia_pct": 7.74
    },
    "CT_01": {
      "modelo_tipo": "unknown",
      "mae": 170.42047179861356,
      "rmse": 0.0,
      "mape": 0.0,
      "media_prediccion": 1173.1148483971099,
      "std_prediccion": 373.48389132034714,
      "media_historica": 1163.3648648648648,
      "cambio_tendencia_pct": 0.84
    },
    "MECO_01": {
      "modelo_tipo": "unknown",
      "mae": 13.799059071303038,
      "rmse": 0.0,
      "mape": 0.0,
      "media_prediccion": 94.85166415799766,
      "std_prediccion": 38.36220804708693,
      "media_historica": 91.40990990990991,
      "cambio_tendencia_pct": 3.77
    },
    "MZ_01": {
      "modelo_tipo": "unknown",
      "mae": 7.936131403996394,
      "rmse": 0.0,
      "mape": 0.0,
      "media_prediccion": 33.476787952276375,
      "std_prediccion": 19.321436937227034,
      "media_historica": 31.82882882882883,
      "cambio_tendencia_pct": 5.18
    }
  }
}