C?digo;Total_Planchas;Total_Costo
CER001;5713.665999999999;742490.8966999999
CER005;3849.258;500211.0771
CER004;1030.0570000000002;207690.39291
CERE002;1749.7830000000001;352808.74629000004
CEO001;5089.139999999999;661333.7429999999
CEO006;4487.076;583095.5262
CER008;1282.536;258597.73367999998
